;Achieve;Affect;Anger;Anx;Article;Assent;Body;Cause;Certain;Cogmech;Comm;Death;Discrep;Down;Eating;Excl;Family;Feel;Fillers;Friends;Future;Groom;Hear;Home;Humans;I;Incl;Inhib;Insight;Job;Leisure;Metaph;Money;Motion;Music;Negate;Negemo;Nonfl;Number;Occup;Optim;Other;Othref;Past;Physcal;Posemo;Posfeel;Preps;Present;Pronoun;Relig;Sad;School;See;Self;Senses;Sexual;Sleep;Social;Space;Sports;Swear;TV;Tentat;Time;Up;We;You
solliciatie.txt;0.0;0.014297729184188394;0.0;0.0;0.07317073170731707;0.0008410428931875525;0.001682085786375105;0.01345668629100084;0.002523128679562658;0.05971404541631623;0.005887300252312868;0.0;0.009251471825063078;0.001682085786375105;0.0;0.024390243902439025;0.0;0.0008410428931875525;0.0;0.0008410428931875525;0.00672834314550042;0.0008410428931875525;0.004205214465937763;0.0008410428931875525;0.0;0.06223717409587889;0.11101766190075694;0.0;0.02943650126156434;0.005046257359125316;0.00336417157275021;0.0008410428931875525;0.0008410428931875525;0.015138772077375946;0.002523128679562658;0.0008410428931875525;0.00336417157275021;0.0;0.004205214465937763;0.017661900756938603;0.002523128679562658;0.001682085786375105;0.00672834314550042;0.01682085786375105;0.00336417157275021;0.010933557611438183;0.0;0.1118587047939445;0.11101766190075694;0.07317073170731707;0.0008410428931875525;0.002523128679562658;0.012615643397813289;0.005046257359125316;0.06223717409587889;0.010092514718250631;0.0;0.0008410428931875525;0.014297729184188394;0.028595458368376788;0.0;0.0;0.0;0.005887300252312868;0.03280067283431455;0.007569386038687973;0.0;0.005046257359125316
